{
    "img_name": "example.png",
    "timestamp": "2021//11//15//19//01",
    "roi_results": {
        "basic_sRGB": [
            33.922394968992926,
            52.8698794654555,
            46.53683727836492
        ],
        "basic_Lab": [
            20.339890413395395,
            -9.382624108336152,
            1.5480900505725703
        ],
        "basic_LCH": [
            20.339890413395395,
            9.50948042550236,
            170.63087009527783
        ],
        "fre_hpf_sobel_abs_ave": 26.88964101668268,
        "fre_dwt_haar_dig_5": [
            1.065289544938423,
            1.3365054869684505,
            2.059756515775035,
            3.2158003826530637,
            4.130899234693881
        ],
        "fre_dft_psd": [
            1.0,
            0.7928854252994298,
            0.4527811119253455,
            0.43466535261876815,
            0.3499066963854299,
            0.318608918149727,
            0.23359629480625005,
            0.188662293661617,
            0.09107734860083803,
            0.08528941039829635,
            0.09968051379205926,
            0.15589229279521194,
            0.1322699404814087,
            0.151709469594263,
            0.11522940446041706,
            0.06433964408973109,
            0.04590463630678908,
            0.04883545997908586,
            0.05343244925770307,
            0.05392726710403478,
            0.04478749465500262,
            0.037640986497029,
            0.025454304721719067,
            0.023063008307586674,
            0.025952784492827934,
            0.03435581074979722,
            0.034326697721253026,
            0.039787226578012744,
            0.02971794462047688,
            0.0256835427361624,
            0.02423529522507745,
            0.05186328991972544,
            0.040366554663664844,
            0.050738667703498476,
            0.038657070249395235,
            0.022076105996795627,
            0.01779976779562514,
            0.021017956298110516,
            0.026644175608779887,
            0.028369029574378656,
            0.027406052400078554,
            0.022776697276725103,
            0.01492320885547364,
            0.01264128075057311,
            0.025837846018252446,
            0.021591540978909536,
            0.027297128062264735,
            0.0220040875818448,
            0.015827978658563245,
            0.013019397547978312,
            0.01446267515470361,
            0.014293890885366022,
            0.01446263226381041,
            0.015552480961046855,
            0.013342370442441503,
            0.012890837811233787,
            0.012965001750121528,
            0.01557649911339636,
            0.016400891651945537,
            0.01698250507829035,
            0.015586688124028575,
            0.012248491953044496,
            0.007664286320317655,
            0.008713727414704376,
            0.010295566412567531,
            0.011470950605668159,
            0.012799940879820613,
            0.011612083511633267,
            0.010097230164497586,
            0.008724407766924284,
            0.011593583536429287,
            0.015393943416977038,
            0.01720613845388535,
            0.01754988824758276,
            0.014345522358790391,
            0.009945523621243589,
            0.0058694033427759765,
            0.009468486705707543,
            0.00971550351863952,
            0.01040235867292691,
            0.012240290470796106,
            0.007604374785313182,
            0.00948252734430186,
            0.007287345706096354,
            0.009580731463378744,
            0.008913370007304352,
            0.01107282196107797,
            0.009077554527565828,
            0.007645835768753948,
            0.006784403724598402,
            0.0074108107118575905,
            0.008971324601791938,
            0.010462358581270507,
            0.010987719875987885,
            0.00999797139859167,
            0.008442426234951995,
            0.00650865036197002,
            0.009766369990710056,
            0.006267004034546366,
            0.01101398646892644,
            0.00814095597721597,
            0.00687608183334899,
            0.007895188158296788,
            0.005030554447880162,
            0.009275827501822369,
            0.0,
            0.0
        ],
        "fre_dft_fre": [
            0.0005,
            0.005168224299065421,
            0.009836448598130841,
            0.014504672897196261,
            0.019172897196261682,
            0.023841121495327106,
            0.028509345794392522,
            0.033177570093457946,
            0.03784579439252336,
            0.04251401869158879,
            0.04718224299065421,
            0.051850467289719634,
            0.056518691588785044,
            0.06118691588785047,
            0.06585514018691589,
            0.07052336448598132,
            0.07519158878504674,
            0.07985981308411215,
            0.08452803738317757,
            0.089196261682243,
            0.09386448598130842,
            0.09853271028037383,
            0.10320093457943927,
            0.10786915887850468,
            0.11253738317757009,
            0.11720560747663553,
            0.12187383177570094,
            0.12654205607476637,
            0.13121028037383178,
            0.13587850467289722,
            0.14054672897196263,
            0.14521495327102804,
            0.14988317757009348,
            0.1545514018691589,
            0.1592196261682243,
            0.16388785046728974,
            0.16855607476635515,
            0.17322429906542058,
            0.177892523364486,
            0.1825607476635514,
            0.18722897196261684,
            0.19189719626168225,
            0.19656542056074766,
            0.2012336448598131,
            0.20590186915887854,
            0.21057009345794392,
            0.21523831775700936,
            0.2199065420560748,
            0.22457476635514018,
            0.22924299065420561,
            0.23391121495327105,
            0.23857943925233646,
            0.24324766355140187,
            0.2479158878504673,
            0.25258411214953275,
            0.2572523364485982,
            0.26192056074766357,
            0.26658878504672895,
            0.27125700934579444,
            0.2759252336448598,
            0.28059345794392526,
            0.2852616822429907,
            0.2899299065420561,
            0.2945981308411215,
            0.29926635514018696,
            0.30393457943925234,
            0.3086028037383178,
            0.3132710280373832,
            0.3179392523364486,
            0.32260747663551403,
            0.32727570093457947,
            0.3319439252336449,
            0.3366121495327103,
            0.34128037383177573,
            0.34594859813084117,
            0.35061682242990655,
            0.355285046728972,
            0.3599532710280374,
            0.3646214953271028,
            0.36928971962616824,
            0.3739579439252337,
            0.37862616822429906,
            0.3832943925233645,
            0.38796261682242994,
            0.3926308411214953,
            0.3972990654205608,
            0.4019672897196262,
            0.4066355140186916,
            0.4113037383177571,
            0.41597196261682245,
            0.42064018691588784,
            0.42530841121495333,
            0.4299766355140187,
            0.4346448598130841,
            0.4393130841121496,
            0.44398130841121497,
            0.44864953271028035,
            0.45331775700934585,
            0.4579859813084112,
            0.46265420560747667,
            0.4673224299065421,
            0.4719906542056075,
            0.4766588785046729,
            0.48132710280373836,
            0.48599532710280374,
            0.4906635514018692,
            0.4953317757009346,
            0.5
        ]
    }
}